name,chinese,code,url,capital,area,population,Age dependency ratio (% of working-age population),GDP (current US$),GDP growth (annual %),GDP per capita (current US$),GNI per capita (current US$),Merchandise exports (current US$),Merchandise imports (current US$),Urban population (% of total),lat,lng,region
Russian Federation,俄羅斯,RU,https://www.cia.gov/the-world-factbook/countries/russia/,Moscow,17098242,140820810,50.9059521624388,2021421476035.42,3.60000000000001,13817.0458984375,14250.0,423915000000.0,303786000000.0,75.331,55.45,37.35,歐洲
Albania,阿爾巴尼亞,AL,https://www.cia.gov/the-world-factbook/countries/albania/,Tirana (Tirane),28748,3107100,49.5361120323341,22977677860.7979,3.43914949919611,8367.77573143421,7570.0,4324000000.0,8613000000.0,64.603,41.18,19.49,歐洲
Andorra,安道爾,AD,https://www.cia.gov/the-world-factbook/countries/andorra/,Andorra la Vella,468,85370,38.827159423807,3727673593.01922,1.44418423106947,46544.7207199483,50080.0,252000000.0,1995000000.0,87.774,42.31,1.32,歐洲
Austria,奧地利,AT,https://www.cia.gov/the-world-factbook/countries/austria/,Vienna,83871,8967982,52.851083729323,516034144115.95,-0.828815088963225,56505.9682796867,55070.0,223549000000.0,224543000000.0,59.53,48.12,16.22,歐洲
Belarus,白俄羅斯,BY,https://www.cia.gov/the-world-factbook/countries/belarus/,Minsk,207600,9501451,52.1843582838712,71857382745.6066,3.88624214456901,7829.05313660622,7780.0,40168000000.0,43256000000.0,80.731,53.52,27.3,歐洲
Belgium,比利時,BE,https://www.cia.gov/the-world-factbook/countries/belgium/,Brussels,30528,11977634,57.3137657688442,632216577075.109,1.36505523054922,53475.2934952935,54530.0,562439000000.0,546765000000.0,98.189,50.51,4.21,歐洲
Bosnia and Herzegovina,波士尼亞與赫塞哥維納,BA,https://www.cia.gov/the-world-factbook/countries/bosnia-and-herzegovina/,Sarajevo,51197,3798671,50.1321375801896,27054889362.8852,1.6762234691309,8426.09111019155,8160.0,9232000000.0,15355000000.0,50.269,43.52,18.26,歐洲
Bulgaria,保加利亞,BG,https://www.cia.gov/the-world-factbook/countries/bulgaria/,Sofia,110879,6782659,56.9222408283848,101584384672.786,1.84638956019879,15797.5955773596,14460.0,47854000000.0,53551000000.0,76.701,42.45,23.2,歐洲
Croatia,克羅埃西亞,HR,https://www.cia.gov/the-world-factbook/countries/croatia/,Zagreb,56594,4150116,58.0815564953255,82688842717.3926,3.06087128780983,21459.7847808036,20670.0,24894000000.0,43181000000.0,58.575,45.5,15.58,歐洲
Czechia,捷克,CZ,https://www.cia.gov/the-world-factbook/countries/czechia/,Prague,78867,10837890,57.6772636629502,330858339871.686,-0.311479452106369,30427.4234688601,27110.0,255450000000.0,230599000000.0,74.552,50.05,14.22,歐洲
Denmark,丹麥,DK,https://www.cia.gov/the-world-factbook/countries/denmark/,Copenhagen,43094,5973136,57.8932402444963,404198757537.974,1.88961038591202,67967.3818685562,73360.0,136631000000.0,126653000000.0,88.495,55.41,12.34,歐洲
Estonia,愛沙尼亞,EE,https://www.cia.gov/the-world-factbook/countries/estonia/,Tallinn,45228,1193791,59.159436937383,40744848827.9537,-3.00559012612986,29823.7496069016,27240.0,19669000000.0,22963000000.0,69.81,59.22,24.48,歐洲
Finland,芬蘭,FI,https://www.cia.gov/the-world-factbook/countries/finland/,Helsinki,338145,5626414,62.6834982523421,300187202696.084,-1.03537569285423,53755.9117362796,53390.0,82355000000.0,82345000000.0,85.773,60.15,25.03,歐洲
France,法國,FR,https://www.cia.gov/the-world-factbook/countries/france/,Paris,643801,68374591,64.0451092942975,3030904089607.9,0.703718546620237,44460.8178457009,45070.0,648481000000.0,785884000000.0,81.777,48.5,2.2,歐洲
Germany,德國,DE,https://www.cia.gov/the-world-factbook/countries/germany/,Berlin,357022,84119100,58.0669347982222,4456081016705.96,-0.304934575740816,52745.7557064131,53970.0,1688419000000.0,1462602000000.0,77.765,52.3,13.25,歐洲
Greece,希臘,GR,https://www.cia.gov/the-world-factbook/countries/greece/,Athens,131957,10461091,58.096617307829,238206312632.528,2.01152094343999,22990.0135680461,22580.0,55047000000.0,88617000000.0,80.673,37.58,23.46,歐洲
Holy See (Vatican City),梵蒂岡,VA,https://www.cia.gov/the-world-factbook/countries/holy-see-vatican-city/,Vatican City,0,1000,,,,,,,,,41.902784,12.453298,歐洲
Hungary,匈牙利,HU,https://www.cia.gov/the-world-factbook/countries/hungary/,Budapest,93028,9855745,51.8060971777778,212388906458.724,-0.907685956140242,22147.2097290479,19820.0,160955000000.0,155966000000.0,72.864,47.29,19.05,歐洲
Iceland,冰島,IS,https://www.cia.gov/the-world-factbook/countries/iceland/,Reykjavik,103000,364036,51.6207939290048,31020032583.1972,4.06379899045474,78811.0583922693,79840.0,6609000000.0,9464000000.0,94.042,64.1,-21.57,歐洲
Ireland,愛爾蘭,IE,https://www.cia.gov/the-world-factbook/countries/ireland/,Dublin,70273,5233461,53.0818206861885,545629450403.735,-3.1987859599287,103684.880801837,80390.0,209499000000.0,147065000000.0,64.466,53.21,-6.15,歐洲
Italy,義大利,IT,https://www.cia.gov/the-world-factbook/countries/italy/,Rome,301340,60964931,57.8748641492601,2254851212731.8,0.920692213760276,38373.1660497534,38200.0,676963000000.0,639630000000.0,71.973,41.54,12.29,歐洲
Kosovo,科索沃,,https://www.cia.gov/the-world-factbook/countries/kosovo/,"Pristina (Prishtine, Prishtina)",10887,1977093,45.2227240180117,10438351483.1677,3.3378946993315,5943.12571420876,5980.0,,,,21,42.58,歐洲
Latvia,拉脫維亞,LV,https://www.cia.gov/the-world-factbook/countries/latvia/,Riga,64589,1801246,60.451866119932,43627078481.287,-0.2825395584007,23184.3116680149,21970.0,22446000000.0,27114000000.0,68.671,56.53,24.08,歐洲
Liechtenstein,列支敦斯登,LI,https://www.cia.gov/the-world-factbook/countries/liechtenstein/,Vaduz,160,40272,52.4278947976433,7364654515.13984,,187267.132380803,,,,14.617,47.08,9.31,歐洲
Lithuania,立陶宛,LT,https://www.cia.gov/the-world-factbook/countries/lithuania/,Vilnius,65300,2628186,57.8394673276523,77836396962.772,-0.336086244470295,27102.7815282971,24820.0,42639000000.0,48436000000.0,68.694,54.38,25.19,歐洲
Luxembourg,盧森堡,LU,https://www.cia.gov/the-world-factbook/countries/luxembourg/,Luxembourg,2586,671254,45.0186422701275,85755006123.5976,-1.09572361576994,128259.402583282,88370.0,17148000000.0,25535000000.0,92.078,49.37,6.09,歐洲
Malta,馬爾他,MT,https://www.cia.gov/the-world-factbook/countries/malta/,Valletta,316,469730,48.7650287330822,20956999452.4317,5.61392778297829,37882.2651856816,34240.0,3468000000.0,8105000000.0,94.941,35.54,14.31,歐洲
Moldova,摩爾多瓦,MD,https://www.cia.gov/the-world-factbook/countries/moldova/,Chisinau in Romanian (Kishinev in Russian),33851,3599528,46.4358645217514,16539436547.295,0.78324270969388,6650.64795654292,6110.0,4049000000.0,8674000000.0,43.373,47.618979,28.467198,歐洲
Monaco,摩納哥,MC,https://www.cia.gov/the-world-factbook/countries/monaco/,Monaco,2,31813,96.2900870693851,8784002931.68665,11.0968262747971,240862.18244774,,,,100.0,43.737664,7.421904,歐洲
Montenegro,蒙特內哥羅,ME,https://www.cia.gov/the-world-factbook/countries/montenegro/,"Podgorica; note - Cetinje retains the status of ""Old Royal Capital""",13812,599849,53.4670801110821,7404541964.50779,5.98190321595602,12016.907421906,11500.0,679000000.0,4118000000.0,68.502,#N/A,#N/A,歐洲
Netherlands,荷蘭,NL,https://www.cia.gov/the-world-factbook/countries/netherlands/,Amsterdam; note - The Hague is the seat of government,41543,17772378,56.4304283744226,1118124749886.29,0.116008634532122,62536.7320298151,60670.0,934568000000.0,842051000000.0,93.179,52.23,4.54,歐洲
North Macedonia,北馬其頓,MK,https://www.cia.gov/the-world-factbook/countries/north-macedonia/,Skopje,25713,2135622,45.0375324777198,14761237042.2057,1.0274151354263,8146.46797547749,7660.0,8999000000.0,12056000000.0,59.479,42.01,21.26,歐洲
Norway,挪威,NO,https://www.cia.gov/the-world-factbook/countries/norway/,Oslo,323802,5509733,54.2700449819698,485513316503.63,0.514118226595343,87961.7806135072,102460.0,173906000000.0,95292000000.0,83.995,59.55,10.45,歐洲
Poland,波蘭,PL,https://www.cia.gov/the-world-factbook/countries/poland/,Warsaw,312685,38746310,50.3181684921799,811229100687.566,0.160586011025046,22112.861574706,19730.0,381517000000.0,370076000000.0,60.218,52.13,21,歐洲
Portugal,葡萄牙,PT,https://www.cia.gov/the-world-factbook/countries/portugal/,Lisbon,92090,10207177,57.0348790975618,287080013574.497,2.26125478073125,27275.1115544691,26270.0,83901000000.0,113475000000.0,67.906,38.42,-9.1,歐洲
Romania,羅馬尼亞,RO,https://www.cia.gov/the-world-factbook/countries/romania/,Bucharest,238391,18148155,52.2048644557479,351002579629.67,2.14847699574527,18419.4187120644,16670.0,100612000000.0,131912000000.0,54.672,44.27,26.1,歐洲
San Marino,聖馬利諾,SM,https://www.cia.gov/the-world-factbook/countries/san-marino/,San Marino (city),61,35095,49.7329535339149,1855382833.1165,8.46307184428878,54982.451714817,47120.0,,,97.836,43.55,12.3,歐洲
Serbia,塞爾維亞,RS,https://www.cia.gov/the-world-factbook/countries/serbia/,Belgrade (Beograd),77474,6652212,53.9103374641825,75187125426.7375,2.52779333573876,11360.9595106966,10030.0,30935000000.0,39838000000.0,57.113,42.890781,19.251107,歐洲
Slovak Republic,斯洛伐克,SK,https://www.cia.gov/the-world-factbook/countries/slovakia/,Bratislava,49035,5563649,48.3035550559943,132793622283.071,1.59645497115139,24470.238537883,22790.0,117316000000.0,113532000000.0,54.027,48.1,17.07,歐洲
Slovenia,斯洛維尼亞,SI,https://www.cia.gov/the-world-factbook/countries/slovenia/,Ljubljana,20273,2097893,57.1862018876245,68216781410.5228,1.58689938286867,32163.5114152484,30620.0,73034000000.0,71445000000.0,56.088,46.04,14.33,歐洲
Spain,西班牙,ES,https://www.cia.gov/the-world-factbook/countries/spain/,Madrid,505370,47280433,51.9773172609789,1580694712515.71,2.50329435985475,32676.9837109377,32180.0,423221000000.0,470328000000.0,81.552,40.25,-3.45,歐洲
Sweden,瑞典,SE,https://www.cia.gov/the-world-factbook/countries/sweden/,Stockholm,450295,10589835,60.8917289265244,593267701033.408,-0.196170994604543,56305.250200767,61650.0,197860000000.0,193016000000.0,88.738,59.2,18.03,歐洲
Switzerland,瑞士,CH,https://www.cia.gov/the-world-factbook/countries/switzerland/,Bern,41277,8860574,53.0654947937836,884940402230.409,0.716066868695833,99994.9380204786,95160.0,420170000000.0,364098000000.0,74.202,46.57,7.28,歐洲
Ukraine,烏克蘭,UA,https://www.cia.gov/the-world-factbook/countries/ukraine/,Kyiv (Kiev is the transliteration from Russian),603550,35661826,55.1841291098366,178757021386.809,5.3,5181.36279296875,5070.0,36040000000.0,63527000000.0,70.095,50.3,30.28,歐洲
United Kingdom,英國,GB,https://www.cia.gov/the-world-factbook/countries/united-kingdom/,London,243610,68459055,57.9153382486475,3340032380668.04,0.104017849159277,48866.6039600298,47800.0,520691000000.0,791302000000.0,84.642,51.36,-0.05,歐洲
Bangladesh,孟加拉,BD,https://www.cia.gov/the-world-factbook/countries/bangladesh/,Dhaka,148460,168697184,46.6156937164694,437415331040.994,5.77511237007889,2529.08012688018,2860.0,55788000000.0,66863000000.0,40.473,24.204019,90.254063,南亞
Bhutan,不丹,BT,https://www.cia.gov/the-world-factbook/countries/bhutan/,Thimphu,38394,884546,38.7206170183904,2898227713.22315,5.21386783786224,3704.01839495326,3590.0,795000000.0,1399000000.0,44.35,27.31,89.45,南亞
India,印度,IN,https://www.cia.gov/the-world-factbook/countries/india/,New Delhi,3287263,1409128296,46.9992476605648,3549918918777.53,7.58397112433558,2484.8454294403,2540.0,432001000000.0,672667000000.0,36.364,28.37,77.13,南亞
Maldives,馬爾地夫,MV,https://www.cia.gov/the-world-factbook/countries/maldives/,Male,298,388858,36.5699007876699,6600000000.0,3.97279584640151,12667.4356695795,11030.0,421000000.0,3497000000.0,41.971,4,73.28,南亞
Nepal,尼泊爾,NP,https://www.cia.gov/the-world-factbook/countries/nepal/,Kathmandu,147181,31122387,53.1745608771713,40908073366.8455,1.95254463264347,1324.03198433372,1370.0,1015000000.0,12476000000.0,21.903,27.45,85.2,南亞
Pakistan,巴基斯坦,PK,https://www.cia.gov/the-world-factbook/countries/pakistan/,Islamabad,796095,252363571,68.0412783185132,338368455317.876,-0.0048552693989876,1407.02135059495,1500.0,28488000000.0,50500000000.0,38.04,33.4,73.1,南亞
Sri Lanka,斯里蘭卡,LK,https://www.cia.gov/the-world-factbook/countries/sri-lanka/,Colombo (commercial capital); Sri Jayewardenepura Kotte (legislative capital),65610,21982608,52.2795284552014,84356860421.13,-2.29804511164436,3827.96480560557,3540.0,11911000000.0,16811000000.0,19.211,7.6657,80.705613,南亞
Brunei Darussalam,汶萊,BN,https://www.cia.gov/the-world-factbook/countries/brunei/,Bandar Seri Begawan,5765,491900,39.4935343166721,15128292953.5098,1.40706822925519,33430.9184783787,34970.0,9090000000.0,6317000000.0,79.149,4.52,115,東南亞
Myanmar,緬甸,MM,https://www.cia.gov/the-world-factbook/countries/burma/,"Rangoon (aka Yangon, continues to be recognized as the primary Burmese capital by the US Government); Nay Pyi Taw is the administrative capital",676578,57527139,45.8387169783289,64815031669.0952,1.00223834289773,1187.56706423461,1210.0,13594000000.0,15566000000.0,32.112,16.45,96.2,東南亞
Cambodia,柬埔寨,KH,https://www.cia.gov/the-world-factbook/countries/cambodia/,Phnom Penh,181035,17063669,53.0797396036599,31772759998.8571,5.39999999995442,1875.07148192948,1810.0,23470000000.0,24386000000.0,25.57,11.33,104.55,東南亞
Indonesia,印尼,ID,https://www.cia.gov/the-world-factbook/countries/indonesia/,"Jakarta; note - Indonesian lawmakers on 18 January 2022 approved the relocation of the country’s capital from Jakarta to a site on the island of Borneo between Samarinda City and the port city of Balikpapan; Nusantara (""archipelago""), the name of the new capital, is expected to be established in August 2024",1904569,281562465,46.8572874845266,1371171152331.16,5.04810577067288,4940.54980501156,4870.0,258857000000.0,221886000000.0,58.572,-6.09,106.49,東南亞
Lao PDR,寮國,LA,https://www.cia.gov/the-world-factbook/countries/laos/,Vientiane (Viangchan),236800,7953556,53.469755289673,15843155731.2552,3.74568140158232,2075.40141406441,2120.0,8371000000.0,7711000000.0,38.247,17.58,102.36,東南亞
Malaysia,馬來西亞,MY,https://www.cia.gov/the-world-factbook/countries/malaysia/,Kuala Lumpur; note - nearby Putrajaya is referred to as a federal government administrative center but not the capital; Parliament meets in Kuala Lumpur,329847,34564810,43.2754246309194,399648828546.504,3.68028218563347,11648.6741574144,11970.0,312846000000.0,265755000000.0,78.716,3.09,101.41,東南亞
Philippines,菲律賓,PH,https://www.cia.gov/the-world-factbook/countries/philippines/,Manila,300000,118277063,55.3063345201947,437146372729.942,5.54585117087767,3725.55120488081,4230.0,72918000000.0,132979000000.0,48.287,14.4,121.03,東南亞
Singapore,新加坡,SG,https://www.cia.gov/the-world-factbook/countries/singapore/,Singapore,719,6028459,38.542153922512,501427500080.059,1.07503175095101,84734.2559206054,70590.0,476252000000.0,423448000000.0,100.0,1.362735,103.864154,東南亞
Thailand,泰國,TH,https://www.cia.gov/the-world-factbook/countries/thailand/,Bangkok,513120,69920998,45.3135809149274,514944993833.578,1.88281746066315,7171.80809318978,7180.0,284562000000.0,289754000000.0,53.608,13.45,100.35,東南亞
Timor-Leste,東帝汶,TL,https://www.cia.gov/the-world-factbook/countries/timor-leste/,Dili,14874,1506909,64.9305231462232,2243142908.46161,-14.358356988559,1648.64729020342,2140.0,295000000.0,894000000.0,32.456,-8.29,125.34,東南亞
Viet Nam,越南,VN,https://www.cia.gov/the-world-factbook/countries/vietnam/,Hanoi (Ha Noi),331210,105758975,46.5060355022009,429716969049.593,5.04643073618749,4346.76849237821,4180.0,353782000000.0,325776000000.0,39.48,21.05,105.55,東南亞
China,中國,CN,https://www.cia.gov/the-world-factbook/countries/china/,Beijing,9596960,1416043270,45.0422201163141,17794781986104.5,5.19999999987174,12614.0609948923,13400.0,3380024000000.0,2556802000000.0,64.57,39.55,116.2,東亞
"Hong Kong SAR, China",香港,HK,https://www.cia.gov/the-world-factbook/countries/hong-kong/,,1108,7297821,49.7951673406301,382054574298.529,3.21505497011667,50696.5903184046,55200.0,573871000000.0,653696000000.0,100.0,114.185,22.268,東亞
Japan,日本,JP,https://www.cia.gov/the-world-factbook/countries/japan/,Tokyo,377915,123201945,71.0469457785963,4212945159781.4,1.92305553064716,33834.3921056453,39030.0,717315000000.0,785615000000.0,92.043,36.668438,138.657591,東亞
"Korea, Dem. People's Rep.",朝鮮,KP,https://www.cia.gov/the-world-factbook/countries/korea-north/,Pyongyang,120538,26298666,45.0078646006059,,,,,347000000.0,2726000000.0,63.203,39.09,125.3,東亞
"Korea, Rep.",韓國,KR,https://www.cia.gov/the-world-factbook/countries/korea-south/,"Seoul; note - Sejong, located some 120 km (75 mi) south of Seoul, serves as an administrative capital for segments of the South Korean Government",99720,52081799,42.0726083125164,1712792854202.37,1.35673324311098,33121.3712885508,35490.0,632226000000.0,642572000000.0,81.456,37.31,126.58,東亞
"Macao SAR, China",澳門,MO,https://www.cia.gov/the-world-factbook/countries/macau/,,28,644426,40.1762980982659,47061843715.8565,80.5342159956893,66835.0643341913,43940.0,1654000000.0,17541000000.0,100.0,113.55,22.2,東亞
Mongolia,蒙古,MN,https://www.cia.gov/the-world-factbook/countries/mongolia/,Ulaanbaatar,1564116,3281676,58.9804408081945,19872180369.6275,7.02299187499851,5764.80281276063,4950.0,15185000000.0,9253000000.0,69.089,46.935061,103.258146,東亞
Taiwan,臺灣,TW,https://www.cia.gov/the-world-factbook/countries/taiwan/,Taipei,35980,23595274,,,,,,,,,121.54,25.01,東亞
Cyprus,賽普勒斯,CY,https://www.cia.gov/the-world-factbook/countries/cyprus/,Nicosia (Lefkosia/Lefkosa),9251,1320525,45.019471910733,32229622669.1951,2.46693496487094,34701.44140625,30990.0,4453000000.0,13987000000.0,66.987,35.1,33.25,西亞
Bahrain,巴林,BH,https://www.cia.gov/the-world-factbook/countries/bahrain/,Manama,760,1566888,31.4243374634505,43205000000.0,2.48146533907759,29084.3071297448,28280.0,25235000000.0,15367000000.0,89.869,26.1,50.3,西亞
"Iran, Islamic Rep.",伊朗,IR,https://www.cia.gov/the-world-factbook/countries/iran/,Tehran,1648195,88386937,45.3231074367106,401504514718.718,4.9521631690814,4502.5463291805,4680.0,91188000000.0,65276000000.0,77.257,35.44,51.3,西亞
Iraq,伊拉克,IQ,https://www.cia.gov/the-world-factbook/countries/iraq/,Baghdad,438317,42083436,68.6873197103243,250842782139.464,-2.93555773971221,5512.47571978422,5600.0,115952000000.0,95519000000.0,71.599,33.2,44.3,西亞
Israel,以色列,IL,https://www.cia.gov/the-world-factbook/countries/israel/,Jerusalem; note - the US recognized Jerusalem as Israel’s capital in December 2017 without taking a position on the specific boundaries of Israeli sovereignty,21937,9402617,66.9806028190246,509901495702.103,1.99703998799328,52261.6761509633,55020.0,66893000000.0,91284000000.0,92.854,31.47,35.12,西亞
Jordan,約旦,JO,https://www.cia.gov/the-world-factbook/countries/jordan/,Amman,89342,11174024,54.9932634224002,50813642348.6746,2.61548743021307,4482.08602630337,4460.0,12763000000.0,25470000000.0,92.02,31.57,35.52,西亞
Kuwait,科威特,KW,https://www.cia.gov/the-world-factbook/countries/kuwait/,Kuwait City,17818,3138355,34.3572491556903,161772221950.942,-2.23009346286686,37533.2177177327,46140.0,85409000000.0,37378000000.0,100.0,29.3,48,西亞
Lebanon,黎巴嫩,LB,https://www.cia.gov/the-world-factbook/countries/lebanon/,Beirut,10400,5364482,60.1226566352927,17937256175.141,-0.150115204985752,3350.29710420961,3740.0,3083000000.0,15286000000.0,89.432,33.53,35.31,西亞
Oman,阿曼,OM,https://www.cia.gov/the-world-factbook/countries/oman/,Muscat,309500,3901992,42.4670342159485,108192457737.321,1.29999999999998,23295.3299592198,21540.0,62736000000.0,36382000000.0,88.4,23.37,58.36,西亞
Qatar,卡達,QA,https://www.cia.gov/the-world-factbook/countries/qatar/,Doha,11586,2552088,20.9222963212581,235770403734.9,4.20887124812552,87480.4197119462,70070.0,97365000000.0,30928000000.0,99.354,25.15,51.35,西亞
Saudi Arabia,沙烏地阿拉伯,SA,https://www.cia.gov/the-world-factbook/countries/saudi-arabia/,Riyadh,2149690,36544431,40.1507103709597,1067582933333.33,-0.754914810584665,28894.963351808,28690.0,322256000000.0,211028000000.0,84.95,24.41,46.42,西亞
Syrian Arab Republic,敘利亞,SY,https://www.cia.gov/the-world-factbook/countries/syria/,Damascus,187437,23865423,52.4180795149818,8980060818.72145,1.29973808951831,421.117345181756,560.0,5470000000.0,7300000000.0,57.409,35.001576,38.616081,西亞
Turkiye,土耳其,TR,https://www.cia.gov/the-world-factbook/countries/turkey-turkiye/,Ankara,783562,84119531,46.8750982777834,1108022373259.51,4.5168665079849,12985.7531497962,11650.0,255777000000.0,361774000000.0,77.463,39.57,32.54,西亞
United Arab Emirates,阿拉伯聯合大公國,AE,https://www.cia.gov/the-world-factbook/countries/united-arab-emirates/,Abu Dhabi,83600,10032213,20.6010187041214,504173451327.434,3.40385720609487,52976.8083782405,53290.0,487778000000.0,448688000000.0,87.779,23.892695,54.308412,西亞
"Yemen, Rep.",葉門,YE,https://www.cia.gov/the-world-factbook/countries/yemen/,Sanaa,527968,32140443,71.5859246632877,,,533.367123496464,,226000000.0,5031000000.0,39.831,15.895133,47.702306,西亞
Afghanistan,阿富汗,AF,https://www.cia.gov/the-world-factbook/countries/afghanistan/,Kabul,652230,40121552,82.6159048623208,14502158192.0904,-6.24017199240269,352.603733092107,360.0,903000000.0,6064000000.0,26.933,34.28,69.11,西亞
Canada,加拿大,CA,https://www.cia.gov/the-world-factbook/countries/canada/,Ottawa,9984670,38794813,53.7301953498429,2140085567791.45,1.06599445256434,53371.6974319701,53930.0,569257000000.0,570419000000.0,81.862,45.27,-75.42,北美洲
United States,美國,US,https://www.cia.gov/the-world-factbook/countries/united-states/,"Washington, DC",9833517,341963408,54.4705756026574,27360935000000.0,2.54270029878489,81695.1870713305,80300.0,2019542000000.0,3172514000000.0,83.298,39.91,-77.02,北美洲
Antigua and Barbuda,安地卡及巴布達,AG,https://www.cia.gov/the-world-factbook/countries/antigua-and-barbuda/,Saint John's,443,102634,41.4490362259057,2033085185.18518,3.86201218730389,21560.2153299665,19990.0,27000000.0,902000000.0,24.332,17.633014,-61.787041,中南美洲
"Bahamas, The",巴哈馬,BS,https://www.cia.gov/the-world-factbook/countries/bahamas-the/,Nassau,13880,410862,38.4529433871098,14338500000.0,2.63905598075102,34749.6382896736,31990.0,708000000.0,4188000000.0,83.625,25.05,-77.2,中南美洲
Barbados,巴貝多,BB,https://www.cia.gov/the-world-factbook/countries/barbados/,Bridgetown,430,304139,50.2341464973922,6393564189.61345,4.51648965902731,22672.6154350731,21280.0,486000000.0,2092000000.0,31.425,13.180145,-59.540064,中南美洲
Belize,貝里斯,BZ,https://www.cia.gov/the-world-factbook/countries/belize/,Belmopan,22966,415789,48.1605435601894,3281500000.0,4.5416322077583,7987.58595509037,7190.0,488000000.0,1341000000.0,46.608,17.18,-88.3,中南美洲
Costa Rica,哥斯大黎加,CR,https://www.cia.gov/the-world-factbook/countries/costa-rica/,San José,51100,5265575,44.9058740811974,86497941439.0174,5.11192183224598,16595.3703837185,13850.0,19025000000.0,24039000000.0,82.622,9.55,-84.02,中南美洲
Cuba,古巴,CU,https://www.cia.gov/the-world-factbook/countries/cuba/,Havana,110860,10966038,46.3568490270811,,1.77485399483382,,,1939000000.0,8920000000.0,77.523,23.08,-82.22,中南美洲
Dominica,多米尼克,DM,https://www.cia.gov/the-world-factbook/countries/dominica/,Roseau,751,74661,41.2609999032976,653992592.592593,4.71223818531963,8953.89639365543,8920.0,15000000.0,298000000.0,72.006,15.2,-61.24,中南美洲
Dominican Republic,多明尼加,DO,https://www.cia.gov/the-world-factbook/countries/dominican-republic/,Santo Domingo,48670,10815857,52.6780631002628,121444279313.931,2.36061568723294,10716.0133558903,9700.0,12935000000.0,28706000000.0,84.446,18.3,-69.59,中南美洲
El Salvador,薩爾瓦多,SV,https://www.cia.gov/the-world-factbook/countries/el-salvador/,San Salvador,21041,6628702,50.1308497010447,34015620000.0,3.51097706608982,5344.21439437871,4920.0,6498000000.0,15648000000.0,75.393,13.4,-89.1,中南美洲
Grenada,格瑞那達,GD,https://www.cia.gov/the-world-factbook/countries/grenada/,Saint George's,344,114621,51.8776630317036,1320334235.58897,4.80928689883935,10463.64593954,9800.0,46000000.0,609000000.0,37.059,12.133773,-61.679059,中南美洲
Guatemala,瓜地馬拉,GT,https://www.cia.gov/the-world-factbook/countries/guatemala/,Guatemala City,108889,18255216,58.2044317546861,102050473863.636,3.48448472740903,5797.52159594526,5580.0,14199000000.0,30318000000.0,53.098,14.4,-90.22,中南美洲
Haiti,海地,HT,https://www.cia.gov/the-world-factbook/countries/haiti/,Port-au-Prince,27750,11753943,57.2295549823805,19850829757.7471,-1.86388420254838,1693.06874328693,1740.0,896000000.0,3996000000.0,59.656,18.4,-72.2,中南美洲
Honduras,宏都拉斯,HN,https://www.cia.gov/the-world-factbook/countries/honduras/,"Tegucigalpa; note - article eight of the Honduran constitution states that the twin cities of Tegucigalpa and Comayaguela, jointly, constitute the capital of the Republic of Honduras; however, virtually all governmental institutions are on the Tegucigalpa side, which in practical terms makes Tegucigalpa the capital",112090,9529188,51.6392423046341,34400509852.0436,3.58260362632656,3247.23105462683,2900.0,11376000000.0,17525000000.0,60.212,14.05,-87.14,中南美洲
Jamaica,牙買加,JM,https://www.cia.gov/the-world-factbook/countries/jamaica/,Kingston,10991,2823713,37.3227662988908,19423355367.2372,2.20006147233049,6874.20028399387,6150.0,2107000000.0,7858000000.0,57.378,18,-76.5,中南美洲
Nicaragua,尼加拉瓜,NI,https://www.cia.gov/the-world-factbook/countries/nicaragua/,Managua,130370,6676948,53.3551436569349,17829215283.7997,4.56973233333842,2530.29107203624,2270.0,7378000000.0,10916000000.0,59.849,12.06,-86.2,中南美洲
Panama,巴拿馬,PA,https://www.cia.gov/the-world-factbook/countries/panama/,Panama City,75420,4470241,53.4673570502417,83382400000.0,7.31677741654941,18661.7673290605,18010.0,15713000000.0,35095000000.0,69.512,9,-79.25,中南美洲
St. Kitts and Nevis,聖克里斯多福及尼維斯,KN,https://www.cia.gov/the-world-factbook/countries/saint-kitts-and-nevis/,Basseterre,261,55133,42.504177608021,1077033111.11111,3.43115229343,22553.3056457148,21380.0,24000000.0,317000000.0,31.096,17.17,-62.43,中南美洲
St. Lucia,聖露西亞,LC,https://www.cia.gov/the-world-factbook/countries/saint-lucia/,Castries,616,168038,37.4395730080061,2519925938.52447,3.19000999999997,13980.0940828315,12400.0,77000000.0,936000000.0,19.172,14.02,-60.58,中南美洲
St. Vincent and the Grenadines,聖文森及格瑞那丁,VC,https://www.cia.gov/the-world-factbook/countries/saint-vincent-and-the-grenadines/,Kingstown,389,100647,48.5325503115376,1065962962.96296,6.01610914506236,10279.4939435955,10070.0,43000000.0,414000000.0,54.299,13.1,-61.1,中南美洲
Trinidad and Tobago,千里達及托巴哥,TT,https://www.cia.gov/the-world-factbook/countries/trinidad-and-tobago/,Port of Spain,5128,1408966,44.3957983303951,28139944790.2911,2.10324544981324,18332.9640176054,17940.0,8925000000.0,7270000000.0,53.439,10.394876,-61.196506,中南美洲
Mexico,墨西哥,MX,https://www.cia.gov/the-world-factbook/countries/mexico/,Mexico City (Ciudad de Mexico),1964375,130739927,48.3844538459676,1788886821046.81,3.22873675559163,13926.1136190914,12100.0,593012000000.0,621476000000.0,81.582,19.2,-99.1,中南美洲
Argentina,阿根廷,AR,https://www.cia.gov/the-world-factbook/countries/argentina/,Buenos Aires,2780400,46994384,53.3593745839734,640591410663.883,-1.55050153620256,13730.5147090247,12520.0,66787000000.0,73715000000.0,92.463,-36.3,-60,中南美洲
Bolivia,玻利維亞,BO,https://www.cia.gov/the-world-factbook/countries/bolivia/,La Paz (administrative capital); Sucre (constitutional [legislative and judicial] capital),1098581,12311974,54.7152056382276,45849832906.4139,2.44347191830776,3700.97833772869,3600.0,11018000000.0,11120000000.0,71.186,-16.2,-68.1,中南美洲
Brazil,巴西,BR,https://www.cia.gov/the-world-factbook/countries/brazil/,Brasília,8515770,220051512,43.2982578361269,2173665655937.27,2.90848048667777,10043.6239221567,9070.0,339696000000.0,252710000000.0,87.788,-15.47,-47.55,中南美洲
Chile,智利,CL,https://www.cia.gov/the-world-factbook/countries/chile/,Santiago; note - Valparaiso is the seat of the national legislature,756102,18664652,46.3022033289926,335533331669.219,0.218780666901552,17093.2419713921,15820.0,94937000000.0,85506000000.0,88.012,-33.24,-70.4,中南美洲
Colombia,哥倫比亞,CO,https://www.cia.gov/the-world-factbook/countries/colombia/,Bogotá,1138910,49588357,43.8643005915335,363540156234.868,0.612181322079849,6979.72513470377,6870.0,49545000000.0,62797000000.0,82.354,4.34,-74,中南美洲
Ecuador,厄瓜多,EC,https://www.cia.gov/the-world-factbook/countries/ecuador/,Quito,283561,18309984,50.0659233032566,118844826000.0,2.35521790742197,6533.35150400616,6510.0,31126000000.0,30898000000.0,64.792,-0.15,-78.35,中南美洲
Guyana,蓋亞那,GY,https://www.cia.gov/the-world-factbook/countries/guyana/,Georgetown,214969,794099,53.6644405296658,16786302158.2734,33.0168829873529,20626.1991490567,20360.0,13059000000.0,6478000000.0,27.162,6.5,-58.12,中南美洲
Paraguay,巴拉圭,PY,https://www.cia.gov/the-world-factbook/countries/paraguay/,Asunción,406752,7522549,53.9745675251797,42956263543.9482,4.71412407945468,6260.45519099666,6200.0,11891000000.0,16105000000.0,63.149,-25.44,28.12,中南美洲
Peru,秘魯,PE,https://www.cia.gov/the-world-factbook/countries/peru/,Lima,1285216,32600249,52.1031656915714,267603248655.253,-0.55018230632048,7789.87097514036,6990.0,60756000000.0,52306000000.0,78.922,-12,-77,中南美洲
Suriname,蘇利南,SR,https://www.cia.gov/the-world-factbook/countries/suriname/,Paramaribo,163820,646758,50.6008462350755,3782437296.04323,2.07545911217966,6069.02890083889,5360.0,2498000000.0,1822000000.0,66.411,5.5,-55.1,中南美洲
Uruguay,烏拉圭,UY,https://www.cia.gov/the-world-factbook/countries/uruguay/,Montevideo,176215,3425330,52.743745311968,77240831587.167,0.3674751756175,22564.5324620687,19530.0,9193000000.0,12486000000.0,95.771,-34.5,-56.11,中南美洲
"Venezuela, RB",委內瑞拉,VE,https://www.cia.gov/the-world-factbook/countries/venezuela/,Caracas,912050,31250306,55.1640657488662,,,,,8470000000.0,11180000000.0,88.438,10.3,-66.55,中南美洲
Kazakhstan,哈薩克,KZ,https://www.cia.gov/the-world-factbook/countries/kazakhstan/,Astana,2724900,20260006,60.8388585165681,261421121085.572,5.09999999973641,13136.6229097144,10940.0,78533000000.0,60655000000.0,58.179,51.1,71.3,中亞
Kyrgyz Republic,吉爾吉斯,KG,https://www.cia.gov/the-world-factbook/countries/kyrgyzstan/,Bishkek,199951,6172101,64.0594318129046,13987627908.8381,6.15139183716032,1969.86648107793,1700.0,3309000000.0,12352000000.0,37.801,42.54,74.46,中亞
Tajikistan,塔吉克,TJ,https://www.cia.gov/the-world-factbook/countries/tajikistan/,Dushanbe,144100,10394063,65.8796621619522,12060602008.8478,8.29999921651935,1188.99303811773,1440.0,1718000000.0,5748000000.0,28.234,38.33,68.48,中亞
Turkmenistan,土庫曼,TM,https://www.cia.gov/the-world-factbook/countries/turkmenistan/,Ashgabat (Ashkhabad),488100,5744151,57.0850514749399,59887334844.0651,6.29999999999993,9190.67154341786,,9917000000.0,3482000000.0,54.003,38,57.5,中亞
Uzbekistan,烏茲別克,UZ,https://www.cia.gov/the-world-factbook/countries/uzbekistan/,Tashkent (Toshkent),447400,36520593,55.0837063627364,90889149306.7313,5.98897580604036,2496.10775758036,2360.0,20045000000.0,36781000000.0,50.532,41.2,69.1,中亞
Armenia,亞美尼亞,AM,https://www.cia.gov/the-world-factbook/countries/armenia/,Yerevan,29743,2976765,51.7224900243261,24212134631.064,8.7,8715.76533622178,7330.0,8415000000.0,12308000000.0,63.739,40.1,44.31,中亞
Azerbaijan,亞塞拜然,AZ,https://www.cia.gov/the-world-factbook/countries/azerbaijan/,"Baku (Baki, Baky)",86600,10650239,43.9617747836742,72356176470.5882,1.12397432709641,7155.08360355897,6680.0,33899000000.0,17285000000.0,57.577,40.29,49.56,中亞
Georgia,喬治亞,GE,https://www.cia.gov/the-world-factbook/countries/georgia/,Tbilisi,69700,4900961,56.4129099669027,30535530479.0227,7.47447909383303,8120.36344318242,6680.0,6091000000.0,15514000000.0,60.727,42.15671,43.653891,中亞
Australia,澳洲,AU,https://www.cia.gov/the-world-factbook/countries/australia/,Canberra,7741220,26768598,54.3548555976018,1723827215334.71,3.01698810357014,64711.7656030565,63140.0,370866000000.0,287740000000.0,86.617,-35.15,149.08,大洋洲
Fiji,斐濟,FJ,https://www.cia.gov/the-world-factbook/countries/fiji/,Suva (on Viti Levu),18274,951611,52.414211816486,5494797540.73365,8.02640862453754,5868.1591677839,5580.0,1017000000.0,3118000000.0,58.713,-18.06,178.3,大洋洲
Guam,關島,GU,https://www.cia.gov/the-world-factbook/countries/guam/,Hagatna (Agana),544,169532,61.4798562158629,6910000000.0,5.09986426216793,40227.2753734558,,23000000.0,1305000000.0,95.166,13.447986,144.773676,大洋洲
Kiribati,吉里巴斯,KI,https://www.cia.gov/the-world-factbook/countries/kiribati/,Tarawa,811,116545,66.1378229057787,279034355.108421,4.28571428571429,2089.91016071918,3730.0,8000000.0,96000000.0,57.762,1.3,173,大洋洲
Marshall Islands,馬紹爾群島,MH,https://www.cia.gov/the-world-factbook/countries/marshall-islands/,"Majuro; note - the capital is an atoll of 64 islands; governmental buildings are housed on three fused islands on the eastern side of the atoll: Djarrit, Uliga, and Delap",181,82011,57.9925510703134,284000000.0,3.22599899400625,6762.54881417278,7570.0,59000000.0,103000000.0,78.868,7.213159,168.830045,大洋洲
"Micronesia, Fed. Sts.",密克羅尼西亞聯邦,FM,https://www.cia.gov/the-world-factbook/countries/micronesia-federated-states-of/,Palikir,702,99603,57.0301320577293,460000000.0,0.784313725490193,3992.22384225509,4150.0,106000000.0,301000000.0,23.379,6.55,158.09,大洋洲
Nauru,諾魯,NR,https://www.cia.gov/the-world-factbook/countries/nauru/,no official capital; government offices in the Yaren District,21,9892,70.6958728462669,154127798.193541,0.704225352112744,12060.0781059109,22090.0,44000000.0,79000000.0,100.0,-0.531241,166.931119,大洋洲
New Zealand,紐西蘭,NZ,https://www.cia.gov/the-world-factbook/countries/new-zealand/,Wellington,268838,5161211,54.4223582027509,253465703232.146,0.632242361629224,48527.828920018,48610.0,41483000000.0,49997000000.0,86.985,-41.19,174.46,大洋洲
Niue,紐埃,NU,https://www.cia.gov/the-world-factbook/countries/niue/,Alofi,260,2000,,,,,,,,,-19.070956,-169.85431,大洋洲
Palau,帛琉,PW,https://www.cia.gov/the-world-factbook/countries/palau/,Ngerulmud,459,21864,45.6290322580645,263020733.717011,0.448430493273634,14565.3302534617,14250.0,2000000.0,242000000.0,82.408,4.285494,126.66928,大洋洲
Samoa,薩摩亞,WS,https://www.cia.gov/the-world-factbook/countries/samoa/,Apia,2831,208853,74.8082911186504,934100336.275654,7.99198264387498,4139.02958723,4020.0,42000000.0,468000000.0,17.508,-13.5,-171.5,大洋洲
Solomon Islands,索羅門群島,SB,https://www.cia.gov/the-world-factbook/countries/solomon-islands/,Honiara,28896,726799,73.5713180584272,1631286701.11516,2.95008536339103,2203.1791258997,2270.0,427000000.0,732000000.0,26.037,-9.27,159.57,大洋洲
Tokelau,托克勞群島,TK,https://www.cia.gov/the-world-factbook/countries/tokelau/,"""Te Atua"" (For the Almighty)",12,1647,,,,,,,,,-9.180904,-171.822775,大洋洲
Tonga,東加,TO,https://www.cia.gov/the-world-factbook/countries/tonga/,Nuku'alofa,747,104889,67.3327433353518,500274898.085221,-2.0115205630506,4681.67940711244,5000.0,9000000.0,265000000.0,23.16,-21.1,-174,大洋洲
Tuvalu,吐瓦魯,TV,https://www.cia.gov/the-world-factbook/countries/tuvalu/,Funafuti; note - the capital is an atoll of some 29 islets; administrative offices are in Vaiaku Village on Fongafale Islet,26,11733,62.391335328488,62280311.5852172,3.85280919517032,5465.10280670561,7550.0,0.0,25000000.0,66.241,-8.31,179.13,大洋洲
Vanuatu,萬那杜,VU,https://www.cia.gov/the-world-factbook/countries/vanuatu/,Port-Vila (on Efate),12189,318007,74.9398573311298,1126313359.21923,2.21294177094788,3367.09463871866,3660.0,63000000.0,455000000.0,25.976,-17.45,168.18,大洋洲
Papua New Guinea,巴布亞紐幾內亞,PG,https://www.cia.gov/the-world-factbook/countries/papua-new-guinea/,Port Moresby,462840,10046233,59.2142746940577,30932496249.7917,2.68101048379781,2994.4533269188,2840.0,12036000000.0,3019000000.0,13.723,-9.24,147.08,大洋洲
Angola,安哥拉,AO,https://www.cia.gov/the-world-factbook/countries/angola/,Luanda,1246700,37202061,90.2339339708724,84722957642.3757,0.856000934845724,2309.52162029791,2130.0,38351000000.0,16108000000.0,68.688,-8.5,13.15,漠南非洲
Benin,貝南,BJ,https://www.cia.gov/the-world-factbook/countries/benin/,Porto-Novo (constitutional capital); Cotonou (seat of government),112622,14697052,82.9425071937882,19673284686.0023,6.35282160914288,1434.66283439144,1440.0,4071000000.0,4234000000.0,50.1,6.23,2.42,漠南非洲
Botswana,波札那,BW,https://www.cia.gov/the-world-factbook/countries/botswana/,Gaborone,581730,2450668,56.2078768624974,19395765126.3127,2.73091904554352,7249.79932596262,7620.0,5424000000.0,6392000000.0,72.867,-24.45,25.57,漠南非洲
Burkina Faso,布吉納法索,BF,https://www.cia.gov/the-world-factbook/countries/burkina-faso/,Ouagadougou,274200,23042199,84.6981509916267,20324617838.9676,2.96018001322078,874.121280381345,850.0,4309000000.0,5863000000.0,32.52,12.15,-1.3,漠南非洲
Burundi,蒲隆地,BI,https://www.cia.gov/the-world-factbook/countries/burundi/,"Gitega (political capital), Bujumbura (commercial capital)",27830,13590102,90.9962722818373,2642161668.92754,2.70000059705133,199.580760181492,230.0,204000000.0,1151000000.0,14.784,-3.16,29.18,漠南非洲
Cabo Verde,維德角,CV,https://www.cia.gov/the-world-factbook/countries/cabo-verde/,Praia,4033,611014,45.9247270679826,2587252076.3056,5.14913485822454,4321.57986427786,4280.0,54000000.0,980000000.0,67.982,15.02,-23.34,漠南非洲
Cameroon,喀麥隆,CM,https://www.cia.gov/the-world-factbook/countries/cameroon/,Yaounde,475440,30966105,80.5189088897674,47945510090.0529,3.99338950938622,1673.64888857222,1650.0,4400000000.0,9000000000.0,59.315,3.5,11.35,漠南非洲
Central African Republic,中非共和國,CF,https://www.cia.gov/the-world-factbook/countries/central-african-republic/,Bangui,622984,5650957,101.451161648497,2555492085.24831,0.870251450842758,445.028195988605,470.0,137000000.0,502000000.0,43.614,4.23,18.35,漠南非洲
Chad,查德,TD,https://www.cia.gov/the-world-factbook/countries/chad/,N'Djamena,1284000,19093595,97.4663343758025,13149325358.7383,4.12231962001739,719.384875157521,710.0,3700000000.0,2200000000.0,24.366,12.1,14.59,漠南非洲
Comoros,葛摩聯盟,KM,https://www.cia.gov/the-world-factbook/countries/comoros/,Moroni,2235,900141,72.5829874888347,1352380972.15662,2.70109357862837,1587.16189555687,1600.0,31000000.0,375000000.0,30.132,-11.4,43.16,漠南非洲
"Congo, Dem. Rep.",剛果民主共和國,CD,https://www.cia.gov/the-world-factbook/countries/congo-democratic-republic-of-the/,Kinshasa,2344858,115403027,97.6096039417879,66383287002.9969,8.56086250908719,649.143987939358,660.0,16400000000.0,11600000000.0,47.444,-2.924545,23.561947,漠南非洲
"Congo, Rep.",剛果,CG,https://www.cia.gov/the-world-factbook/countries/congo-republic-of-the/,Brazzaville,342000,6097665,76.6439196983423,15321055818.3263,1.90686426346754,2508.82339515164,2470.0,5970000000.0,3950000000.0,69.188,-4.09,15.12,漠南非洲
Cote d'Ivoire,象牙海岸,CI,https://www.cia.gov/the-world-factbook/countries/cote-divoire/,"Yamoussoukro (legislative capital), Abidjan (administrative capital); note - although Yamoussoukro has been the official capital since 1983, Abidjan remains the administrative capital as well as the officially designated economic capital; the US, like other countries, maintains its Embassy in Abidjan",322463,29981758,77.0752004796412,78788828906.8634,6.53593302046529,2728.80324620071,2670.0,20263000000.0,18887000000.0,53.149,6.49,-5.17,漠南非洲
Djibouti,吉布地,DJ,https://www.cia.gov/the-world-factbook/countries/djibouti/,Djibouti,23200,994974,52.989505029401,4098530513.55777,6.67664964361434,3606.4168960124,3450.0,5002000000.0,4663000000.0,78.552,11.08,42.2,漠南非洲
Equatorial Guinea,赤道幾內亞,GQ,https://www.cia.gov/the-world-factbook/countries/equatorial-guinea/,"Malabo; note - Malabo is on the island of Bioko; some months of the year, the government operates out of Bata on the mainland region.",28051,1795834,70.1855031611962,12116922539.4112,-5.69158346431034,7066.61659257734,5240.0,5200000000.0,3100000000.0,74.448,10,2,漠南非洲
Eritrea,厄利垂亞,ER,https://www.cia.gov/the-world-factbook/countries/eritrea/,Asmara,117600,6343956,74.4850019920393,,,,,495000000.0,524000000.0,43.267,15.19,38.55,漠南非洲
Eswatini,史瓦帝尼,SZ,https://www.cia.gov/the-world-factbook/countries/eswatini/,Mbabane (administrative capital); Lobamba (royal and legislative capital),17364,1138089,62.2810861957817,4597855845.04276,4.84232085252165,3797.30120946164,3860.0,1762000000.0,1925000000.0,24.79,-26.18,31.06,漠南非洲
Ethiopia,衣索比亞,ET,https://www.cia.gov/the-world-factbook/countries/ethiopia/,Addis Ababa,1104300,118550298,73.7736221665524,163697927593.982,6.49813464238613,1293.7780075976,1130.0,3616000000.0,17888000000.0,23.157,9.02,38.42,漠南非洲
Gabon,加彭,GA,https://www.cia.gov/the-world-factbook/countries/gabon/,Libreville,267667,2455105,66.6150389225324,20516134388.6608,2.26323208768638,8420.10205701827,7960.0,7700000000.0,6100000000.0,91.029,0.25,9.26,漠南非洲
"Gambia, The",甘比亞,GM,https://www.cia.gov/the-world-factbook/countries/gambia-the/,Banjul,11300,2523327,81.9018314364783,2339904156.79214,5.29599663840045,843.765742570282,830.0,40000000.0,784000000.0,64.472,13.28,-16.4,漠南非洲
Ghana,迦納,GH,https://www.cia.gov/the-world-factbook/countries/ghana/,Accra,238533,34589092,67.3712658991613,76370394412.4163,2.94478583082221,2238.15802077213,2340.0,15868000000.0,13715000000.0,59.238,5.35,-0.06,漠南非洲
Guinea,幾內亞,GN,https://www.cia.gov/the-world-factbook/countries/guinea/,Conakry,245857,13986179,80.2471731058955,23612295818.0961,7.06196002940651,1663.93780748118,1360.0,9636000000.0,4696000000.0,38.085,9.29,-13.49,漠南非洲
Guinea-Bissau,幾內亞比索,GW,https://www.cia.gov/the-world-factbook/countries/guinea-bissau/,Bissau,36125,2132325,73.8363183757921,1966461400.35833,4.24828229733396,914.275153804104,900.0,233000000.0,588000000.0,45.466,11.45,-15.45,漠南非洲
Kenya,肯亞,KE,https://www.cia.gov/the-world-factbook/countries/kenya/,Nairobi,580367,58246378,67.0220247267567,107440575838.048,5.42581615130304,1949.89896909713,2110.0,7193000000.0,18591000000.0,29.52,-1.17,36.48,漠南非洲
Lesotho,賴索托,LS,https://www.cia.gov/the-world-factbook/countries/lesotho/,Maseru,30355,2227548,61.4352615171458,2046039024.45854,0.898149777798736,878.008505473734,1160.0,794000000.0,1772000000.0,30.415,53.52,27.3,漠南非洲
Liberia,賴比瑞亞,LR,https://www.cia.gov/the-world-factbook/countries/liberia/,Monrovia,111369,5437249,76.3660255045677,4332000000.0,4.71102538380681,799.501400511629,730.0,1100000000.0,1700000000.0,53.567,6.18,-10.47,漠南非洲
Madagascar,馬達加斯加,MG,https://www.cia.gov/the-world-factbook/countries/madagascar/,Antananarivo,587041,29452714,72.8212158808862,16031702914.9195,3.9853710126696,528.650154757007,530.0,3213000000.0,4750000000.0,40.556,-18.55,47.31,漠南非洲
Malawi,馬拉威,MW,https://www.cia.gov/the-world-factbook/countries/malawi/,Lilongwe,118484,21763309,80.4622222758668,14084341062.3675,1.53964171231864,672.869702222595,640.0,880000000.0,1560000000.0,18.28,-14,33.48,漠南非洲
Mali,馬利,ML,https://www.cia.gov/the-world-factbook/countries/mali/,Bamako,1240192,21990607,97.2710539030222,20904898296.2501,5.23657752778519,897.448670290571,860.0,5321000000.0,8364000000.0,46.189,12.34,-7.55,漠南非洲
Mauritania,茅利塔尼亞,MR,https://www.cia.gov/the-world-factbook/countries/mauritania/,Nouakchott,1030700,4328040,79.7355224427824,10452577062.7581,3.38355519096352,2149.41408725335,2150.0,4017000000.0,5242000000.0,57.699,-20.1,57.3,漠南非洲
Mauritius,模里西斯,MU,https://www.cia.gov/the-world-factbook/countries/mauritius/,Port Louis,2040,1310504,41.47714842501,14397127281.3829,6.95228798595431,11416.858992993,11530.0,2300000000.0,6284000000.0,40.867,-20.094797,57.630969,漠南非洲
Mozambique,莫三比克,MZ,https://www.cia.gov/the-world-factbook/countries/mozambique/,Maputo,799380,33350954,84.7149775270423,20624597846.5495,5.00002417303148,608.442707550256,530.0,8276000000.0,10098000000.0,38.753,-25.58,32.32,漠南非洲
Namibia,納米比亞,NA,https://www.cia.gov/the-world-factbook/countries/namibia/,Windhoek,824292,2803660,67.0988448868179,12351024843.7467,4.1599857377939,4742.78382677745,4870.0,5930000000.0,7090000000.0,54.886,-22.35,17.04,漠南非洲
Niger,尼日,NE,https://www.cia.gov/the-world-factbook/countries/niger/,Niamey,1267000,26342784,104.731613240687,16819170420.5653,2.49999999999999,618.28722904313,600.0,1097000000.0,2287000000.0,17.054,13.27,2.06,漠南非洲
Nigeria,奈及利亞,NG,https://www.cia.gov/the-world-factbook/countries/nigeria/,Abuja,923768,236747130,84.3256188151613,362814951696.073,2.86021499108364,1621.12351497744,1930.0,57890000000.0,45946000000.0,54.283,9.05,7.32,漠南非洲
Rwanda,盧安達,RW,https://www.cia.gov/the-world-factbook/countries/rwanda/,Kigali,26338,13623302,70.464846745693,14097768647.6695,8.24128696506683,1000.21892281433,980.0,2479000000.0,3897000000.0,17.892,-1.59,30.04,漠南非洲
Sao Tome and Principe,聖多美普林西比,ST,https://www.cia.gov/the-world-factbook/countries/sao-tome-and-principe/,Sao Tome,964,223561,74.5430455599386,603240748.954207,-0.4744429516048,2601.79054652115,2480.0,20000000.0,186000000.0,76.401,0.1,6.39,漠南非洲
Senegal,塞內加爾,SN,https://www.cia.gov/the-world-factbook/countries/senegal/,Dakar,196722,18847519,79.4455191411343,31013986429.1861,3.69999636052071,1745.97206754147,1660.0,5313000000.0,11064000000.0,49.579,14.34,-17.29,漠南非洲
Seychelles,塞席爾,SC,https://www.cia.gov/the-world-factbook/countries/seychelles/,Victoria,455,98187,45.943607739923,2141450171.13932,3.16171435490999,17879.2396545075,16940.0,541000000.0,1431000000.0,58.82,-4.626174,55.458898,漠南非洲
Sierra Leone,獅子山,SL,https://www.cia.gov/the-world-factbook/countries/sierra-leone/,Freetown,71740,9121049,71.5078348274512,3809832236.95959,3.43082135607435,433.37417433006,560.0,1270000000.0,2154000000.0,44.3,8.3,-13.17,漠南非洲
Somalia,索馬利亞,SO,https://www.cia.gov/the-world-factbook/countries/somalia/,Mogadishu,637657,13017273,98.4401287192669,11679800110.1523,3.1029619961507,643.750028806778,610.0,,,47.92,2.02,45.25,漠南非洲
South Africa,南非,ZA,https://www.cia.gov/the-world-factbook/countries/south-africa/,Pretoria (administrative capital); Cape Town (legislative capital); Bloemfontein (judicial capital),1219090,60442647,51.8627199809523,377781600985.873,0.601662303103254,6253.16161272014,6750.0,110855000000.0,130747000000.0,68.819,-30.741216,24.275444,漠南非洲
South Sudan,南蘇丹,SS,https://www.cia.gov/the-world-factbook/countries/south-sudan/,Juba,644329,12703714,84.8602353098079,,,,,833000000.0,1184000000.0,21.195,#N/A,#N/A,漠南非洲
Tanzania,坦尚尼亞,TZ,https://www.cia.gov/the-world-factbook/countries/tanzania/,"Dodoma; note - Dodoma was designated the national capital in 1996; Dar es Salaam, the original national capital, is the country's largest city and commercial center",947300,67462121,85.9209860485043,79158286333.524,5.18805639154843,1211.05859375,1210.0,7292000000.0,13817000000.0,37.409,-6.08,35.45,漠南非洲
Togo,多哥,TG,https://www.cia.gov/the-world-factbook/countries/togo/,Lome,56785,8917994,74.881975225083,9171261835.06264,6.40792215636242,1012.9738726321,1030.0,1434000000.0,3204000000.0,44.49,6.09,1.2,漠南非洲
Uganda,烏干達,UG,https://www.cia.gov/the-world-factbook/countries/uganda/,Kampala,241038,49283041,85.6891031876525,49272882213.623,5.23187410562045,1014.21397773156,980.0,6162000000.0,12159000000.0,26.771,0.2,32.3,漠南非洲
Zambia,尚比亞,ZM,https://www.cia.gov/the-world-factbook/countries/zambia/,Lusaka,752618,20799116,79.2677311953633,28162630953.9285,5.83247413510912,1369.12936484937,1320.0,9652000000.0,9324000000.0,46.335,-15.28,28.16,漠南非洲
Zimbabwe,辛巴威,ZW,https://www.cia.gov/the-world-factbook/countries/zimbabwe/,Harare,390757,17150352,77.2234671928758,26538273498.8461,4.95578170349711,1592.41657368542,1740.0,7225000000.0,9214000000.0,32.517,-17.43,31.02,漠南非洲
Algeria,阿爾及利亞,DZ,https://www.cia.gov/the-world-factbook/countries/algeria/,Algiers,2381740,47022473,58.8752637094055,239899491127.742,4.10000000000679,5260.20624980797,4960.0,51799000000.0,41849000000.0,75.268,36.42,3.08,北非
"Egypt, Arab Rep.",埃及,EG,https://www.cia.gov/the-world-factbook/countries/egypt/,Cairo,1001450,111247248,60.0846230130523,395926075163.006,3.75900541919032,3512.58006529798,3900.0,39853000000.0,78895000000.0,43.1,30.01,31.14,北非
Libya,利比亞,LY,https://www.cia.gov/the-world-factbook/countries/libya/,Tripoli (Tarabulus),1759540,7361263,48.539519141176,50491722445.7773,-1.67258994589184,7329.97654106843,7570.0,35270000000.0,20523000000.0,81.606,27.055803,17.583546,北非
Morocco,摩洛哥,MA,https://www.cia.gov/the-world-factbook/countries/morocco/,Rabat,716550,37387585,52.2361978876769,141109373209.414,3.17794683511849,3672.1123046875,3700.0,41642000000.0,68632000000.0,65.121,31.967759,-6.240875,北非
Sudan,蘇丹,SS,https://www.cia.gov/the-world-factbook/countries/sudan/,Khartoum,1861484,50467278,79.4610008192111,109327023588.732,-12.0467791968043,2272.48559570313,990.0,4780000000.0,7100000000.0,36.342,30,15,北非
Tunisia,突尼西亞,TN,https://www.cia.gov/the-world-factbook/countries/tunisia/,Tunis,163610,12048847,51.510824596706,48529595416.6533,0.423648407741425,3895.38663874079,3770.0,19985000000.0,25485000000.0,70.544,36.5,10.11,北非
